date,location,lat,long,measurer,side,method,5m_area_bin,species,test_diam_mm
2022-08-30,Cape Arago,43.344419,-124.376312,Galloway,right,analog,first,purple,44.00
2022-08-30,Cape Arago,43.344419,-124.376312,Galloway,right,analog,first,purple,58.00
2022-08-30,Cape Arago,43.344419,-124.376312,Galloway,right,analog,first,purple,45.00
2022-08-30,Cape Arago,43.344419,-124.376312,Galloway,right,analog,first,purple,32.00
2022-08-30,Cape Arago,43.344419,-124.376312,Galloway,right,analog,first,purple,54.00
2022-08-30,Cape Arago,43.344419,-124.376312,Galloway,right,analog,first,purple,47.00
2022-08-30,Cape Arago,43.344419,-124.376312,Galloway,right,analog,first,purple,43.00
2022-08-30,Cape Arago,43.344419,-124.376312,Galloway,right,analog,first,purple,48.00
2022-08-30,Cape Arago,43.344419,-124.376312,Galloway,right,analog,first,purple,62.00
2022-08-30,Cape Arago,43.344419,-124.376312,Galloway,right,analog,first,purple,51.00
2022-08-30,Cape Arago,43.344419,-124.376312,Galloway,right,analog,first,purple,43.00
2022-08-30,Cape Arago,43.344419,-124.376312,Galloway,right,analog,first,purple,45.00
2022-08-30,Cape Arago,43.344419,-124.376312,Galloway,right,analog,first,purple,20.00
2022-08-30,Cape Arago,43.344419,-124.376312,Galloway,right,analog,first,purple,33.00
2022-08-30,Cape Arago,43.344419,-124.376312,Galloway,right,analog,first,purple,36.00
2022-08-30,Cape Arago,43.344419,-124.376312,Galloway,right,analog,first,purple,61.00
2022-08-30,Cape Arago,43.344419,-124.376312,Galloway,right,analog,first,purple,50.00
2022-08-30,Cape Arago,43.344419,-124.376312,Galloway,right,analog,first,purple,38.00
2022-08-30,Cape Arago,43.344419,-124.376312,Galloway,right,analog,first,purple,48.00
2022-08-30,Cape Arago,43.344419,-124.376312,Galloway,right,analog,first,purple,21.00
2022-08-30,Cape Arago,43.344419,-124.376312,Galloway,right,analog,first,purple,27.00
2022-08-30,Cape Arago,43.344419,-124.376312,Galloway,right,analog,first,purple,48.00
2022-08-30,Cape Arago,43.344419,-124.376312,Galloway,right,analog,first,purple,54.00
2022-08-30,Cape Arago,43.344419,-124.376312,Galloway,right,analog,first,purple,29.00
2022-08-30,Cape Arago,43.344419,-124.376312,Taradash,left,analog,first,purple,62.00
2022-08-30,Cape Arago,43.344419,-124.376312,Taradash,left,analog,first,purple,54.00
2022-08-30,Cape Arago,43.344419,-124.376312,Taradash,left,analog,first,purple,22.00
2022-08-30,Cape Arago,43.344419,-124.376312,Taradash,left,analog,first,purple,64.00
2022-08-30,Cape Arago,43.344419,-124.376312,Taradash,left,analog,first,purple,71.00
2022-08-30,Cape Arago,43.344419,-124.376312,Taradash,left,analog,first,purple,65.00
2022-08-30,Cape Arago,43.344419,-124.376312,Taradash,left,analog,first,purple,68.00
2022-08-30,Cape Arago,43.344419,-124.376312,Taradash,left,analog,first,purple,75.00
2022-08-30,Cape Arago,43.344419,-124.376312,Taradash,left,analog,first,purple,65.00
2022-08-30,Cape Arago,43.344419,-124.376312,Taradash,left,analog,first,purple,66.00
2022-08-30,Cape Arago,43.344419,-124.376312,Taradash,left,analog,first,purple,61.00
2022-08-30,Cape Arago,43.344419,-124.376312,Taradash,left,analog,first,purple,47.00
2022-08-30,Cape Arago,43.344419,-124.376312,Taradash,left,analog,first,purple,77.00
2022-08-30,Cape Arago,43.344419,-124.376312,Taradash,left,analog,first,purple,64.00
2022-08-30,Cape Arago,43.344419,-124.376312,Taradash,left,analog,first,purple,61.00
2022-08-30,Cape Arago,43.344419,-124.376312,Taradash,left,analog,first,purple,63.00
2022-08-30,Cape Arago,43.344419,-124.376312,Taradash,left,analog,first,purple,39.00
2022-08-30,Cape Arago,43.344419,-124.376312,Taradash,left,analog,first,purple,21.00
2022-08-30,Cape Arago,43.344419,-124.376312,Taradash,left,analog,first,purple,54.00
2022-08-30,Cape Arago,43.344419,-124.376312,Taradash,left,analog,first,purple,49.00
2022-08-30,Cape Arago,43.344419,-124.376312,Taradash,left,analog,first,purple,16.00
2022-08-30,Cape Arago,43.344419,-124.376312,Taradash,left,analog,first,purple,42.00
2022-08-30,Cape Arago,43.344419,-124.376312,Taradash,left,analog,first,purple,31.00
2022-08-30,Cape Arago,43.344419,-124.376312,Taradash,left,analog,first,purple,52.00
2022-08-30,Cape Arago,43.344419,-124.376312,Galloway,right,analog,first,red,55.00
2022-08-30,Cape Arago,43.344419,-124.376312,Galloway,right,analog,first,red,69.00
2022-08-30,Cape Arago,43.344419,-124.376312,Galloway,right,analog,first,red,66.00
2022-08-30,Cape Arago,43.344419,-124.376312,Galloway,right,analog,first,red,73.00
2022-08-30,Cape Arago,43.344419,-124.376312,Galloway,right,analog,first,red,75.00
2022-08-30,Cape Arago,43.344419,-124.376312,Galloway,right,analog,first,red,86.00
2022-08-30,Cape Arago,43.344419,-124.376312,Galloway,right,analog,first,red,79.00
2022-08-30,Cape Arago,43.344419,-124.376312,Galloway,right,analog,first,red,113.00
2022-08-30,Cape Arago,43.344419,-124.376312,Galloway,right,analog,first,red,73.00
2022-08-30,Cape Arago,43.344419,-124.376312,Galloway,right,analog,first,red,65.00
2022-08-30,Cape Arago,43.344419,-124.376312,Galloway,right,analog,first,red,57.00
2022-08-30,Cape Arago,43.344419,-124.376312,Galloway,right,analog,first,red,54.00
2022-08-30,Cape Arago,43.344419,-124.376312,Galloway,right,analog,first,red,67.00
2022-08-30,Cape Arago,43.344419,-124.376312,Taradash,left,analog,first,red,92.00
2022-08-30,Cape Arago,43.344419,-124.376312,Taradash,left,analog,first,red,140.00
2022-08-30,Cape Arago,43.344419,-124.376312,Taradash,left,analog,first,red,120.00
2022-08-30,Cape Arago,43.344419,-124.376312,Taradash,left,analog,first,red,80.00
2022-08-30,Cape Arago,43.344419,-124.376312,Taradash,left,analog,first,red,91.00
2022-08-30,Cape Arago,43.344419,-124.376312,Galloway,right,analog,second,purple,41.00
2022-08-30,Cape Arago,43.344419,-124.376312,Galloway,right,analog,second,purple,43.00
2022-08-30,Cape Arago,43.344419,-124.376312,Galloway,right,analog,second,purple,31.00
2022-08-30,Cape Arago,43.344419,-124.376312,Galloway,right,analog,second,purple,35.00
2022-08-30,Cape Arago,43.344419,-124.376312,Galloway,right,analog,second,purple,41.00
2022-08-30,Cape Arago,43.344419,-124.376312,Galloway,right,analog,second,purple,43.00
2022-08-30,Cape Arago,43.344419,-124.376312,Galloway,right,analog,second,purple,40.00
2022-08-30,Cape Arago,43.344419,-124.376312,Galloway,right,analog,second,purple,24.00
2022-08-30,Cape Arago,43.344419,-124.376312,Galloway,right,analog,second,purple,26.00
2022-08-30,Cape Arago,43.344419,-124.376312,Galloway,right,analog,second,purple,25.00
2022-08-30,Cape Arago,43.344419,-124.376312,Galloway,right,analog,second,purple,40.00
2022-08-30,Cape Arago,43.344419,-124.376312,Galloway,right,analog,second,purple,28.00
2022-08-30,Cape Arago,43.344419,-124.376312,Galloway,right,analog,second,purple,70.00
2022-08-30,Cape Arago,43.344419,-124.376312,Galloway,right,analog,second,purple,53.00
2022-08-30,Cape Arago,43.344419,-124.376312,Galloway,right,analog,second,purple,25.00
2022-08-30,Cape Arago,43.344419,-124.376312,Galloway,right,analog,second,purple,74.00
2022-08-30,Cape Arago,43.344419,-124.376312,Galloway,right,analog,second,purple,43.00
2022-08-30,Cape Arago,43.344419,-124.376312,Galloway,right,analog,second,purple,43.00
2022-08-30,Cape Arago,43.344419,-124.376312,Galloway,right,analog,second,purple,40.00
2022-08-30,Cape Arago,43.344419,-124.376312,Galloway,right,analog,second,purple,49.00
2022-08-30,Cape Arago,43.344419,-124.376312,Galloway,right,analog,second,purple,19.00
2022-08-30,Cape Arago,43.344419,-124.376312,Galloway,right,analog,second,purple,18.00
2022-08-30,Cape Arago,43.344419,-124.376312,Galloway,right,analog,second,purple,44.00
2022-08-30,Cape Arago,43.344419,-124.376312,Galloway,right,analog,second,purple,50.00
2022-08-30,Cape Arago,43.344419,-124.376312,Galloway,right,analog,second,purple,51.00
2022-08-30,Cape Arago,43.344419,-124.376312,Galloway,right,analog,second,purple,53.00
2022-08-30,Cape Arago,43.344419,-124.376312,Taradash,left,analog,second,purple,70.00
2022-08-30,Cape Arago,43.344419,-124.376312,Taradash,left,analog,second,purple,64.00
2022-08-30,Cape Arago,43.344419,-124.376312,Taradash,left,analog,second,purple,58.00
2022-08-30,Cape Arago,43.344419,-124.376312,Taradash,left,analog,second,purple,42.00
2022-08-30,Cape Arago,43.344419,-124.376312,Taradash,left,analog,second,purple,45.00
2022-08-30,Cape Arago,43.344419,-124.376312,Taradash,left,analog,second,purple,39.00
2022-08-30,Cape Arago,43.344419,-124.376312,Taradash,left,analog,second,purple,40.00
2022-08-30,Cape Arago,43.344419,-124.376312,Taradash,left,analog,second,purple,53.00
2022-08-30,Cape Arago,43.344419,-124.376312,Taradash,left,analog,second,purple,39.00
2022-08-30,Cape Arago,43.344419,-124.376312,Taradash,left,analog,second,purple,34.00
2022-08-30,Cape Arago,43.344419,-124.376312,Taradash,left,analog,second,purple,54.00
2022-08-30,Cape Arago,43.344419,-124.376312,Taradash,left,analog,second,purple,71.00
2022-08-30,Cape Arago,43.344419,-124.376312,Taradash,left,analog,second,purple,19.00
2022-08-30,Cape Arago,43.344419,-124.376312,Taradash,left,analog,second,purple,44.00
2022-08-30,Cape Arago,43.344419,-124.376312,Taradash,left,analog,second,purple,59.00
2022-08-30,Cape Arago,43.344419,-124.376312,Taradash,left,analog,second,purple,57.00
2022-08-30,Cape Arago,43.344419,-124.376312,Taradash,left,analog,second,purple,56.00
2022-08-30,Cape Arago,43.344419,-124.376312,Taradash,left,analog,second,purple,61.00
2022-08-30,Cape Arago,43.344419,-124.376312,Taradash,left,analog,second,purple,55.00
2022-08-30,Cape Arago,43.344419,-124.376312,Taradash,left,analog,second,purple,54.00
2022-08-30,Cape Arago,43.344419,-124.376312,Taradash,left,analog,second,purple,49.00
2022-08-30,Cape Arago,43.344419,-124.376312,Taradash,left,analog,second,purple,58.00
2022-08-30,Cape Arago,43.344419,-124.376312,Taradash,left,analog,second,purple,71.00
2022-08-30,Cape Arago,43.344419,-124.376312,Taradash,left,analog,second,purple,59.00
2022-08-30,Cape Arago,43.344419,-124.376312,Taradash,left,analog,second,purple,49.00
2022-08-30,Cape Arago,43.344419,-124.376312,Galloway,right,analog,second,red,100.00
2022-08-30,Cape Arago,43.344419,-124.376312,Galloway,right,analog,second,red,101.00
2022-08-30,Cape Arago,43.344419,-124.376312,Galloway,right,analog,second,red,64.00
2022-08-30,Cape Arago,43.344419,-124.376312,Galloway,right,analog,second,red,65.00
2022-08-30,Cape Arago,43.344419,-124.376312,Galloway,right,analog,second,red,57.00
2022-08-30,Cape Arago,43.344419,-124.376312,Galloway,right,analog,second,red,85.00
2022-08-30,Cape Arago,43.344419,-124.376312,Galloway,right,analog,second,red,87.00
2022-08-30,Cape Arago,43.344419,-124.376312,Galloway,right,analog,second,red,85.00
2022-08-30,Cape Arago,43.344419,-124.376312,Galloway,right,analog,second,red,66.00
2022-08-30,Cape Arago,43.344419,-124.376312,Galloway,right,analog,second,red,48.00
2022-08-30,Cape Arago,43.344419,-124.376312,Galloway,right,analog,second,red,73.00
2022-08-30,Cape Arago,43.344419,-124.376312,Galloway,right,analog,second,red,53.00
2022-08-30,Cape Arago,43.344419,-124.376312,Galloway,right,analog,second,red,69.00
2022-08-30,Cape Arago,43.344419,-124.376312,Galloway,right,analog,second,red,98.00
2022-08-30,Cape Arago,43.344419,-124.376312,Taradash,left,analog,second,red,60.00
2022-08-30,Cape Arago,43.344419,-124.376312,Taradash,left,analog,second,red,73.00
2022-08-30,Cape Arago,43.344419,-124.376312,Galloway,right,analog,third,purple,46.00
2022-08-30,Cape Arago,43.344419,-124.376312,Galloway,right,analog,third,purple,40.00
2022-08-30,Cape Arago,43.344419,-124.376312,Galloway,right,analog,third,purple,55.00
2022-08-30,Cape Arago,43.344419,-124.376312,Galloway,right,analog,third,purple,50.00
2022-08-30,Cape Arago,43.344419,-124.376312,Galloway,right,analog,third,purple,17.00
2022-08-30,Cape Arago,43.344419,-124.376312,Galloway,right,analog,third,purple,34.00
2022-08-30,Cape Arago,43.344419,-124.376312,Galloway,right,analog,third,purple,35.00
2022-08-30,Cape Arago,43.344419,-124.376312,Galloway,right,analog,third,purple,41.00
2022-08-30,Cape Arago,43.344419,-124.376312,Galloway,right,analog,third,purple,48.00
2022-08-30,Cape Arago,43.344419,-124.376312,Galloway,right,analog,third,purple,23.00
2022-08-30,Cape Arago,43.344419,-124.376312,Galloway,right,analog,third,purple,44.00
2022-08-30,Cape Arago,43.344419,-124.376312,Galloway,right,analog,third,purple,44.00
2022-08-30,Cape Arago,43.344419,-124.376312,Galloway,right,analog,third,purple,25.00
2022-08-30,Cape Arago,43.344419,-124.376312,Galloway,right,analog,third,purple,40.00
2022-08-30,Cape Arago,43.344419,-124.376312,Galloway,right,analog,third,purple,25.00
2022-08-30,Cape Arago,43.344419,-124.376312,Galloway,right,analog,third,purple,47.00
2022-08-30,Cape Arago,43.344419,-124.376312,Galloway,right,analog,third,purple,46.00
2022-08-30,Cape Arago,43.344419,-124.376312,Galloway,right,analog,third,purple,55.00
2022-08-30,Cape Arago,43.344419,-124.376312,Galloway,right,analog,third,purple,51.00
2022-08-30,Cape Arago,43.344419,-124.376312,Galloway,right,analog,third,purple,44.00
2022-08-30,Cape Arago,43.344419,-124.376312,Galloway,right,analog,third,purple,31.00
2022-08-30,Cape Arago,43.344419,-124.376312,Galloway,right,analog,third,purple,21.00
2022-08-30,Cape Arago,43.344419,-124.376312,Galloway,right,analog,third,purple,45.00
2022-08-30,Cape Arago,43.344419,-124.376312,Galloway,right,analog,third,purple,51.00
2022-08-30,Cape Arago,43.344419,-124.376312,Taradash,left,analog,third,purple,39.00
2022-08-30,Cape Arago,43.344419,-124.376312,Taradash,left,analog,third,purple,39.00
2022-08-30,Cape Arago,43.344419,-124.376312,Taradash,left,analog,third,purple,43.00
2022-08-30,Cape Arago,43.344419,-124.376312,Taradash,left,analog,third,purple,36.00
2022-08-30,Cape Arago,43.344419,-124.376312,Taradash,left,analog,third,purple,50.00
2022-08-30,Cape Arago,43.344419,-124.376312,Taradash,left,analog,third,purple,77.00
2022-08-30,Cape Arago,43.344419,-124.376312,Taradash,left,analog,third,purple,49.00
2022-08-30,Cape Arago,43.344419,-124.376312,Taradash,left,analog,third,purple,48.00
2022-08-30,Cape Arago,43.344419,-124.376312,Taradash,left,analog,third,purple,62.00
2022-08-30,Cape Arago,43.344419,-124.376312,Taradash,left,analog,third,purple,49.00
2022-08-30,Cape Arago,43.344419,-124.376312,Taradash,left,analog,third,purple,63.00
2022-08-30,Cape Arago,43.344419,-124.376312,Galloway,right,analog,third,red,69.00
2022-08-30,Cape Arago,43.344419,-124.376312,Galloway,right,analog,third,red,60.00
2022-08-30,Cape Arago,43.344419,-124.376312,Galloway,right,analog,third,red,57.00
2022-08-30,Cape Arago,43.344419,-124.376312,Galloway,right,analog,third,red,76.00
2022-08-30,Cape Arago,43.344419,-124.376312,Galloway,right,analog,third,red,115.00
2022-08-30,Cape Arago,43.344419,-124.376312,Galloway,right,analog,third,red,109.00
2022-08-30,Cape Arago,43.344419,-124.376312,Galloway,right,analog,third,red,36.00
2022-08-30,Cape Arago,43.344419,-124.376312,Galloway,right,analog,third,red,72.00
2022-08-30,Cape Arago,43.344419,-124.376312,Galloway,right,analog,third,red,51.00
2022-08-30,Cape Arago,43.344419,-124.376312,Galloway,right,analog,third,red,70.00
2022-08-30,Cape Arago,43.344419,-124.376312,Galloway,right,analog,third,red,69.00
2022-08-30,Cape Arago,43.344419,-124.376312,Taradash,left,analog,third,red,83.00
2022-08-30,Cape Arago,43.344419,-124.376312,Taradash,left,analog,third,red,102.00
2022-08-30,Cape Arago,43.344419,-124.376312,Taradash,left,analog,third,red,62.00
2022-08-30,Cape Arago,43.344419,-124.376312,Galloway,right,analog,fourth,purple,39.00
2022-08-30,Cape Arago,43.344419,-124.376312,Galloway,right,analog,fourth,purple,50.00
2022-08-30,Cape Arago,43.344419,-124.376312,Galloway,right,analog,fourth,purple,48.00
2022-08-30,Cape Arago,43.344419,-124.376312,Galloway,right,analog,fourth,purple,43.00
2022-08-30,Cape Arago,43.344419,-124.376312,Galloway,right,analog,fourth,purple,56.00
2022-08-30,Cape Arago,43.344419,-124.376312,Galloway,right,analog,fourth,purple,50.00
2022-08-30,Cape Arago,43.344419,-124.376312,Galloway,right,analog,fourth,purple,30.00
2022-08-30,Cape Arago,43.344419,-124.376312,Galloway,right,analog,fourth,purple,41.00
2022-08-30,Cape Arago,43.344419,-124.376312,Galloway,right,analog,fourth,purple,25.00
2022-08-30,Cape Arago,43.344419,-124.376312,Galloway,right,analog,fourth,purple,24.00
2022-08-30,Cape Arago,43.344419,-124.376312,Galloway,right,analog,fourth,purple,37.00
2022-08-30,Cape Arago,43.344419,-124.376312,Galloway,right,analog,fourth,purple,37.00
2022-08-30,Cape Arago,43.344419,-124.376312,Galloway,right,analog,fourth,purple,60.00
2022-08-30,Cape Arago,43.344419,-124.376312,Galloway,right,analog,fourth,purple,55.00
2022-08-30,Cape Arago,43.344419,-124.376312,Galloway,right,analog,fourth,purple,43.00
2022-08-30,Cape Arago,43.344419,-124.376312,Galloway,right,analog,fourth,purple,43.00
2022-08-30,Cape Arago,43.344419,-124.376312,Galloway,right,analog,fourth,purple,49.00
2022-08-30,Cape Arago,43.344419,-124.376312,Galloway,right,analog,fourth,purple,30.00
2022-08-30,Cape Arago,43.344419,-124.376312,Galloway,right,analog,fourth,purple,15.00
2022-08-30,Cape Arago,43.344419,-124.376312,Galloway,right,analog,fourth,purple,27.00
2022-08-30,Cape Arago,43.344419,-124.376312,Galloway,right,analog,fourth,purple,47.00
2022-08-30,Cape Arago,43.344419,-124.376312,Galloway,right,analog,fourth,purple,67.00
2022-08-30,Cape Arago,43.344419,-124.376312,Galloway,right,analog,fourth,purple,25.00
2022-08-30,Cape Arago,43.344419,-124.376312,Galloway,right,analog,fourth,red,70.00
2022-08-30,Cape Arago,43.344419,-124.376312,Galloway,right,analog,fourth,red,74.00
2022-08-30,Cape Arago,43.344419,-124.376312,Galloway,right,analog,fourth,red,76.00
2022-08-30,Cape Arago,43.344419,-124.376312,Galloway,right,analog,fourth,red,74.00
2022-08-30,Cape Arago,43.344419,-124.376312,Galloway,right,analog,fourth,red,68.00
2022-08-30,Cape Arago,43.344419,-124.376312,Galloway,right,analog,fourth,red,70.00
2022-08-30,Cape Arago,43.344419,-124.376312,Galloway,right,analog,fourth,red,74.00
2022-08-30,Cape Arago,43.344419,-124.376312,Galloway,right,analog,fourth,red,83.00
2022-08-30,Cape Arago,43.344419,-124.376312,Galloway,right,analog,fourth,red,80.00
2022-08-30,Cape Arago,43.344419,-124.376312,Galloway,right,analog,fourth,red,121.00
2022-08-30,Cape Arago,43.344419,-124.376312,Galloway,right,analog,fourth,red,117.00
2022-08-30,Cape Arago,43.344419,-124.376312,Galloway,right,analog,fourth,red,80.00
2022-08-30,Cape Arago,43.344419,-124.376312,Persad,both,digital,first,red,75.00
2022-08-30,Cape Arago,43.344419,-124.376312,Persad,both,digital,first,red,90.00
2022-08-30,Cape Arago,43.344419,-124.376312,Persad,both,digital,first,red,111.50
2022-08-30,Cape Arago,43.344419,-124.376312,Persad,both,digital,first,red,70.00
2022-08-30,Cape Arago,43.344419,-124.376312,Persad,both,digital,first,red,91.00
2022-08-30,Cape Arago,43.344419,-124.376312,Persad,both,digital,first,red,91.00
2022-08-30,Cape Arago,43.344419,-124.376312,Persad,both,digital,first,red,97.00
2022-08-30,Cape Arago,43.344419,-124.376312,Persad,both,digital,first,purple,76.00
2022-08-30,Cape Arago,43.344419,-124.376312,Persad,both,digital,second,red,85.50
2022-08-30,Cape Arago,43.344419,-124.376312,Persad,both,digital,second,red,188.00
2022-08-30,Cape Arago,43.344419,-124.376312,Persad,both,digital,second,red,82.00
2022-08-30,Cape Arago,43.344419,-124.376312,Persad,both,digital,second,red,112.50
2022-08-30,Cape Arago,43.344419,-124.376312,Persad,both,digital,second,red,112.50
2022-08-30,Cape Arago,43.344419,-124.376312,Persad,both,digital,second,red,146.50
2022-08-30,Cape Arago,43.344419,-124.376312,Persad,both,digital,second,purple,29.50
2022-08-30,Cape Arago,43.344419,-124.376312,Persad,both,digital,second,purple,41.00
2022-08-30,Cape Arago,43.344419,-124.376312,Persad,both,digital,second,purple,60.50
2022-08-30,Cape Arago,43.344419,-124.376312,Persad,both,digital,second,purple,54.00
2022-08-30,Cape Arago,43.344419,-124.376312,Persad,both,digital,second,purple,54.50
2022-08-30,Cape Arago,43.344419,-124.376312,Persad,both,digital,second,purple,54.50
2022-08-30,Cape Arago,43.344419,-124.376312,Persad,both,digital,second,purple,27.50
2022-08-30,Cape Arago,43.344419,-124.376312,Persad,both,digital,second,purple,72.00
2022-08-30,Cape Arago,43.344419,-124.376312,Persad,both,digital,second,purple,71.50
2022-08-30,Cape Arago,43.344419,-124.376312,Persad,both,digital,second,purple,71.50
2022-08-30,Cape Arago,43.344419,-124.376312,Persad,both,digital,second,purple,54.00
2022-08-30,Cape Arago,43.344419,-124.376312,Persad,both,digital,second,purple,66.50
2022-08-30,Cape Arago,43.344419,-124.376312,Persad,both,digital,second,purple,53.50
2022-08-30,Cape Arago,43.344419,-124.376312,Persad,both,digital,second,purple,37.00
2022-08-30,Cape Arago,43.344419,-124.376312,Persad,both,digital,second,purple,63.00
2022-08-30,Cape Arago,43.344419,-124.376312,Persad,both,digital,second,purple,52.50
2022-08-30,Cape Arago,43.344419,-124.376312,Persad,both,digital,second,purple,63.50
2022-08-30,Cape Arago,43.344419,-124.376312,Persad,both,digital,second,purple,64.00
2022-08-30,Cape Arago,43.344419,-124.376312,Persad,both,digital,second,purple,64.00
2022-08-30,Cape Arago,43.344419,-124.376312,Persad,both,digital,second,purple,56.00
2022-08-30,Cape Arago,43.344419,-124.376312,Persad,both,digital,second,purple,48.00
2022-08-30,Cape Arago,43.344419,-124.376312,Persad,both,digital,second,purple,48.50
2022-08-30,Cape Arago,43.344419,-124.376312,Persad,both,digital,second,purple,48.50
2022-08-30,Cape Arago,43.344419,-124.376312,Persad,both,digital,second,purple,48.00
2022-08-30,Cape Arago,43.344419,-124.376312,Persad,both,digital,second,purple,48.00
2022-08-30,Cape Arago,43.344419,-124.376312,Persad,both,digital,second,purple,48.00
2022-08-30,Cape Arago,43.344419,-124.376312,Persad,both,digital,second,purple,43.50
2022-08-30,Cape Arago,43.344419,-124.376312,Persad,both,digital,second,purple,43.50
2022-08-30,Cape Arago,43.344419,-124.376312,Persad,both,digital,second,purple,43.50
2022-08-30,Cape Arago,43.344419,-124.376312,Persad,both,digital,second,purple,67.50
2022-08-30,Cape Arago,43.344419,-124.376312,Persad,both,digital,second,purple,67.50
2022-08-30,Cape Arago,43.344419,-124.376312,Persad,both,digital,second,purple,67.50
2022-08-30,Cape Arago,43.344419,-124.376312,Persad,both,digital,second,purple,60.50
2022-08-30,Cape Arago,43.344419,-124.376312,Persad,both,digital,second,purple,60.50
2022-08-30,Cape Arago,43.344419,-124.376312,Persad,both,digital,second,purple,66.50
2022-08-30,Cape Arago,43.344419,-124.376312,Persad,both,digital,second,purple,32.50
2022-08-30,Cape Arago,43.344419,-124.376312,Persad,both,digital,second,purple,46.00
2022-08-30,Cape Arago,43.344419,-124.376312,Persad,both,digital,second,purple,56.00
2022-08-30,Cape Arago,43.344419,-124.376312,Persad,both,digital,second,purple,41.00
2022-08-30,Cape Arago,43.344419,-124.376312,Persad,both,digital,second,purple,53.50
2022-08-30,Cape Arago,43.344419,-124.376312,Persad,both,digital,second,purple,53.00
2022-08-30,Cape Arago,43.344419,-124.376312,Persad,both,digital,second,purple,53.00
2022-08-30,Cape Arago,43.344419,-124.376312,Persad,both,digital,second,purple,53.00
2022-08-30,Cape Arago,43.344419,-124.376312,Persad,both,digital,second,purple,53.00
2022-08-30,Cape Arago,43.344419,-124.376312,Persad,both,digital,second,purple,38.00
2022-08-30,Cape Arago,43.344419,-124.376312,Persad,both,digital,second,purple,57.50
2022-08-30,Cape Arago,43.344419,-124.376312,Persad,both,digital,second,purple,57.50
2022-08-30,Cape Arago,43.344419,-124.376312,Persad,both,digital,second,purple,57.00
2022-08-30,Cape Arago,43.344419,-124.376312,Persad,both,digital,third,red,117.00
2022-08-30,Cape Arago,43.344419,-124.376312,Persad,both,digital,third,red,130.00
2022-08-30,Cape Arago,43.344419,-124.376312,Persad,both,digital,third,red,94.00
2022-08-30,Cape Arago,43.344419,-124.376312,Persad,both,digital,third,red,94.00
2022-08-30,Cape Arago,43.344419,-124.376312,Persad,both,digital,third,red,94.00
2022-08-30,Cape Arago,43.344419,-124.376312,Persad,both,digital,third,red,73.00
2022-08-30,Cape Arago,43.344419,-124.376312,Persad,both,digital,third,red,119.50
2022-08-30,Cape Arago,43.344419,-124.376312,Persad,both,digital,third,red,93.50
2022-08-30,Cape Arago,43.344419,-124.376312,Persad,both,digital,third,red,64.50
2022-08-30,Cape Arago,43.344419,-124.376312,Persad,both,digital,third,red,114.00
2022-08-30,Cape Arago,43.344419,-124.376312,Persad,both,digital,third,red,96.00
2022-08-30,Cape Arago,43.344419,-124.376312,Persad,both,digital,third,red,89.00
2022-08-30,Cape Arago,43.344419,-124.376312,Persad,both,digital,third,red,89.00
2022-08-30,Cape Arago,43.344419,-124.376312,Persad,both,digital,third,red,99.00
2022-08-30,Cape Arago,43.344419,-124.376312,Persad,both,digital,third,purple,50.00
2022-08-30,Cape Arago,43.344419,-124.376312,Persad,both,digital,third,purple,49.50
2022-08-30,Cape Arago,43.344419,-124.376312,Persad,both,digital,third,purple,61.50
2022-08-30,Cape Arago,43.344419,-124.376312,Persad,both,digital,third,purple,48.50
2022-08-30,Cape Arago,43.344419,-124.376312,Persad,both,digital,third,purple,48.50
2022-08-30,Cape Arago,43.344419,-124.376312,Persad,both,digital,third,purple,75.50
2022-08-30,Cape Arago,43.344419,-124.376312,Persad,both,digital,third,purple,75.50
2022-08-30,Cape Arago,43.344419,-124.376312,Persad,both,digital,third,purple,76.50
2022-08-30,Cape Arago,43.344419,-124.376312,Persad,both,digital,third,purple,76.00
2022-08-30,Cape Arago,43.344419,-124.376312,Persad,both,digital,third,purple,64.50
2022-08-30,Cape Arago,43.344419,-124.376312,Persad,both,digital,third,purple,64.50
2022-08-30,Cape Arago,43.344419,-124.376312,Persad,both,digital,third,purple,55.50
2022-08-30,Cape Arago,43.344419,-124.376312,Persad,both,digital,third,purple,56.00
2022-08-30,Cape Arago,43.344419,-124.376312,Persad,both,digital,third,purple,63.50
2022-08-30,Cape Arago,43.344419,-124.376312,Persad,both,digital,fourth,purple,55.50
2022-08-30,Cape Arago,43.344419,-124.376312,Persad,both,digital,fourth,purple,55.50
2022-08-30,Cape Arago,43.344419,-124.376312,Persad,both,digital,fourth,purple,49.00
2022-08-30,Cape Arago,43.344419,-124.376312,Persad,both,digital,fourth,purple,49.00
2022-08-30,Cape Arago,43.344419,-124.376312,Persad,both,digital,fourth,purple,38.00
2022-08-30,Cape Arago,43.344419,-124.376312,Persad,both,digital,fourth,purple,51.00
2022-08-30,Cape Arago,43.344419,-124.376312,Persad,both,digital,fourth,purple,51.00
2022-08-30,Cape Arago,43.344419,-124.376312,Persad,both,digital,fourth,purple,29.50
2022-08-30,Cape Arago,43.344419,-124.376312,Persad,both,digital,fourth,purple,29.50
2022-08-30,Cape Arago,43.344419,-124.376312,Persad,both,digital,fourth,purple,29.50
2022-08-30,Cape Arago,43.344419,-124.376312,Persad,both,digital,fourth,purple,29.50
2022-08-30,Cape Arago,43.344419,-124.376312,Persad,both,digital,fourth,purple,50.00
2022-08-30,Cape Arago,43.344419,-124.376312,Persad,both,digital,fourth,purple,50.00
2022-08-30,Cape Arago,43.344419,-124.376312,Persad,both,digital,fourth,purple,50.00
2022-08-30,Cape Arago,43.344419,-124.376312,Persad,both,digital,fourth,purple,50.00
2022-08-30,Cape Arago,43.344419,-124.376312,Persad,both,digital,fourth,purple,50.00
2022-08-30,Cape Arago,43.344419,-124.376312,Persad,both,digital,fourth,purple,50.00
2022-08-30,Cape Arago,43.344419,-124.376312,Persad,both,digital,fourth,purple,50.00
2022-08-30,Cape Arago,43.344419,-124.376312,Persad,both,digital,fourth,purple,50.00
2022-08-30,Cape Arago,43.344419,-124.376312,Persad,both,digital,fourth,purple,49.50
2022-08-30,Cape Arago,43.344419,-124.376312,Persad,both,digital,fourth,purple,76.50
2022-08-30,Cape Arago,43.344419,-124.376312,Persad,both,digital,fourth,purple,77.00
2022-08-30,Cape Arago,43.344419,-124.376312,Persad,both,digital,fourth,purple,77.00
2022-08-30,Cape Arago,43.344419,-124.376312,Taradash,both,laser,first,purple,86.75
2022-08-30,Cape Arago,43.344419,-124.376312,Taradash,both,laser,first,purple,61.24
2022-08-30,Cape Arago,43.344419,-124.376312,Taradash,both,laser,first,purple,66.45
2022-08-30,Cape Arago,43.344419,-124.376312,Taradash,both,laser,first,purple,57.59
2022-08-30,Cape Arago,43.344419,-124.376312,Taradash,both,laser,first,purple,93.08
2022-08-30,Cape Arago,43.344419,-124.376312,Taradash,both,laser,first,purple,81.32
2022-08-30,Cape Arago,43.344419,-124.376312,Taradash,both,laser,first,purple,88.75
2022-08-30,Cape Arago,43.344419,-124.376312,Taradash,both,laser,first,purple,82.79
2022-08-30,Cape Arago,43.344419,-124.376312,Taradash,both,laser,first,purple,46.70
2022-08-30,Cape Arago,43.344419,-124.376312,Taradash,both,laser,first,purple,53.99
2022-08-30,Cape Arago,43.344419,-124.376312,Taradash,both,laser,first,purple,97.72
2022-08-30,Cape Arago,43.344419,-124.376312,Taradash,both,laser,first,purple,61.59
2022-08-30,Cape Arago,43.344419,-124.376312,Taradash,both,laser,first,purple,75.38
2022-08-30,Cape Arago,43.344419,-124.376312,Taradash,both,laser,first,purple,67.78
2022-08-30,Cape Arago,43.344419,-124.376312,Taradash,both,laser,first,purple,55.14
2022-08-30,Cape Arago,43.344419,-124.376312,Taradash,both,laser,first,purple,70.74
2022-08-30,Cape Arago,43.344419,-124.376312,Taradash,both,laser,first,purple,54.59
2022-08-30,Cape Arago,43.344419,-124.376312,Taradash,both,laser,first,purple,77.35
2022-08-30,Cape Arago,43.344419,-124.376312,Taradash,both,laser,first,purple,89.56
2022-08-30,Cape Arago,43.344419,-124.376312,Taradash,both,laser,first,purple,73.39
2022-08-30,Cape Arago,43.344419,-124.376312,Taradash,both,laser,first,purple,69.07
2022-08-30,Cape Arago,43.344419,-124.376312,Taradash,both,laser,first,red,124.52
2022-08-30,Cape Arago,43.344419,-124.376312,Taradash,both,laser,first,red,124.90
2022-08-30,Cape Arago,43.344419,-124.376312,Taradash,both,laser,first,red,119.79
2022-08-30,Cape Arago,43.344419,-124.376312,Taradash,both,laser,first,red,105.18
2022-08-30,Cape Arago,43.344419,-124.376312,Taradash,both,laser,first,red,116.36
2022-08-30,Cape Arago,43.344419,-124.376312,Taradash,both,laser,first,red,98.81
2022-08-30,Cape Arago,43.344419,-124.376312,Taradash,both,laser,first,red,94.29
2022-08-30,Cape Arago,43.344419,-124.376312,Taradash,both,laser,first,red,107.07
2022-08-30,Cape Arago,43.344419,-124.376312,Taradash,both,laser,second,purple,46.34
2022-08-30,Cape Arago,43.344419,-124.376312,Taradash,both,laser,second,purple,55.56
2022-08-30,Cape Arago,43.344419,-124.376312,Taradash,both,laser,second,purple,50.34
2022-08-30,Cape Arago,43.344419,-124.376312,Taradash,both,laser,second,purple,42.33
2022-08-30,Cape Arago,43.344419,-124.376312,Taradash,both,laser,second,purple,44.03
2022-08-30,Cape Arago,43.344419,-124.376312,Taradash,both,laser,second,purple,29.45
2022-08-30,Cape Arago,43.344419,-124.376312,Taradash,both,laser,second,purple,56.44
2022-08-30,Cape Arago,43.344419,-124.376312,Taradash,both,laser,second,purple,36.64
2022-08-30,Cape Arago,43.344419,-124.376312,Taradash,both,laser,second,purple,57.34
2022-08-30,Cape Arago,43.344419,-124.376312,Taradash,both,laser,second,purple,54.52
2022-08-30,Cape Arago,43.344419,-124.376312,Taradash,both,laser,second,purple,35.23
2022-08-30,Cape Arago,43.344419,-124.376312,Taradash,both,laser,second,purple,35.03
2022-08-30,Cape Arago,43.344419,-124.376312,Taradash,both,laser,second,purple,76.52
2022-08-30,Cape Arago,43.344419,-124.376312,Taradash,both,laser,second,purple,52.67
2022-08-30,Cape Arago,43.344419,-124.376312,Taradash,both,laser,second,purple,44.11
2022-08-30,Cape Arago,43.344419,-124.376312,Taradash,both,laser,second,purple,52.61
2022-08-30,Cape Arago,43.344419,-124.376312,Taradash,both,laser,second,purple,43.80
2022-08-30,Cape Arago,43.344419,-124.376312,Taradash,both,laser,second,purple,34.82
2022-08-30,Cape Arago,43.344419,-124.376312,Taradash,both,laser,second,purple,21.15
2022-08-30,Cape Arago,43.344419,-124.376312,Taradash,both,laser,second,purple,34.04
2022-08-30,Cape Arago,43.344419,-124.376312,Taradash,both,laser,second,purple,53.75
2022-08-30,Cape Arago,43.344419,-124.376312,Taradash,both,laser,second,purple,41.30
2022-08-30,Cape Arago,43.344419,-124.376312,Taradash,both,laser,second,purple,47.82
2022-08-30,Cape Arago,43.344419,-124.376312,Taradash,both,laser,second,purple,41.12
2022-08-30,Cape Arago,43.344419,-124.376312,Taradash,both,laser,second,purple,50.94
2022-08-30,Cape Arago,43.344419,-124.376312,Taradash,both,laser,second,purple,47.85
2022-08-30,Cape Arago,43.344419,-124.376312,Taradash,both,laser,second,purple,59.20
2022-08-30,Cape Arago,43.344419,-124.376312,Taradash,both,laser,second,purple,63.14
2022-08-30,Cape Arago,43.344419,-124.376312,Taradash,both,laser,second,purple,23.14
2022-08-30,Cape Arago,43.344419,-124.376312,Taradash,both,laser,second,purple,40.31
2022-08-30,Cape Arago,43.344419,-124.376312,Taradash,both,laser,second,purple,32.50
2022-08-30,Cape Arago,43.344419,-124.376312,Taradash,both,laser,second,red,72.00
2022-08-30,Cape Arago,43.344419,-124.376312,Taradash,both,laser,second,red,128.53
2022-08-30,Cape Arago,43.344419,-124.376312,Taradash,both,laser,second,red,106.71
2022-08-30,Cape Arago,43.344419,-124.376312,Taradash,both,laser,second,red,148.06
2022-08-30,Cape Arago,43.344419,-124.376312,Taradash,both,laser,second,red,104.35
2022-08-30,Cape Arago,43.344419,-124.376312,Taradash,both,laser,second,red,65.51
2022-08-30,Cape Arago,43.344419,-124.376312,Taradash,both,laser,second,red,58.44
2022-08-30,Cape Arago,43.344419,-124.376312,Taradash,both,laser,second,red,115.13
2022-08-30,Cape Arago,43.344419,-124.376312,Taradash,both,laser,second,red,75.45
2022-08-30,Cape Arago,43.344419,-124.376312,Taradash,both,laser,second,red,84.43
2022-08-30,Cape Arago,43.344419,-124.376312,Taradash,both,laser,third,purple,65.06
2022-08-30,Cape Arago,43.344419,-124.376312,Taradash,both,laser,third,purple,68.98
2022-08-30,Cape Arago,43.344419,-124.376312,Taradash,both,laser,third,purple,35.49
2022-08-30,Cape Arago,43.344419,-124.376312,Taradash,both,laser,third,purple,34.93
2022-08-30,Cape Arago,43.344419,-124.376312,Taradash,both,laser,third,purple,58.16
2022-08-30,Cape Arago,43.344419,-124.376312,Taradash,both,laser,third,purple,30.11
2022-08-30,Cape Arago,43.344419,-124.376312,Taradash,both,laser,third,purple,49.08
2022-08-30,Cape Arago,43.344419,-124.376312,Taradash,both,laser,third,purple,32.35
2022-08-30,Cape Arago,43.344419,-124.376312,Taradash,both,laser,third,purple,40.88
2022-08-30,Cape Arago,43.344419,-124.376312,Taradash,both,laser,third,purple,40.60
2022-08-30,Cape Arago,43.344419,-124.376312,Taradash,both,laser,third,purple,53.30
2022-08-30,Cape Arago,43.344419,-124.376312,Taradash,both,laser,third,purple,73.19
2022-08-30,Cape Arago,43.344419,-124.376312,Taradash,both,laser,third,purple,53.66
2022-08-30,Cape Arago,43.344419,-124.376312,Taradash,both,laser,third,purple,29.89
2022-08-30,Cape Arago,43.344419,-124.376312,Taradash,both,laser,third,purple,55.59
2022-08-30,Cape Arago,43.344419,-124.376312,Taradash,both,laser,third,purple,47.60
2022-08-30,Cape Arago,43.344419,-124.376312,Taradash,both,laser,third,purple,78.06
2022-08-30,Cape Arago,43.344419,-124.376312,Taradash,both,laser,third,purple,68.60
2022-08-30,Cape Arago,43.344419,-124.376312,Taradash,both,laser,third,purple,64.76
2022-08-30,Cape Arago,43.344419,-124.376312,Taradash,both,laser,third,purple,56.47
2022-08-30,Cape Arago,43.344419,-124.376312,Taradash,both,laser,third,purple,70.32
2022-08-30,Cape Arago,43.344419,-124.376312,Taradash,both,laser,third,purple,56.85
2022-08-30,Cape Arago,43.344419,-124.376312,Taradash,both,laser,third,purple,72.70
2022-08-30,Cape Arago,43.344419,-124.376312,Taradash,both,laser,third,purple,52.16
2022-08-30,Cape Arago,43.344419,-124.376312,Taradash,both,laser,third,red,120.82
2022-08-30,Cape Arago,43.344419,-124.376312,Taradash,both,laser,third,red,129.31
2022-08-30,Cape Arago,43.344419,-124.376312,Taradash,both,laser,third,red,70.62
2022-08-30,Cape Arago,43.344419,-124.376312,Taradash,both,laser,third,red,52.00
2022-08-30,Cape Arago,43.344419,-124.376312,Taradash,both,laser,third,red,105.57
2022-08-30,Cape Arago,43.344419,-124.376312,Taradash,both,laser,third,red,119.65
2022-08-30,Cape Arago,43.344419,-124.376312,Taradash,both,laser,fourth,purple,77.21
2022-08-30,Cape Arago,43.344419,-124.376312,Taradash,both,laser,fourth,purple,74.38
2022-08-30,Cape Arago,43.344419,-124.376312,Taradash,both,laser,fourth,purple,63.61
2022-08-30,Cape Arago,43.344419,-124.376312,Taradash,both,laser,fourth,purple,66.06
2022-08-30,Cape Arago,43.344419,-124.376312,Taradash,both,laser,fourth,purple,30.76
2022-08-30,Cape Arago,43.344419,-124.376312,Taradash,both,laser,fourth,purple,52.26
2022-08-30,Cape Arago,43.344419,-124.376312,Taradash,both,laser,fourth,purple,51.41
2022-08-30,Cape Arago,43.344419,-124.376312,Taradash,both,laser,fourth,purple,68.88
2022-08-30,Cape Arago,43.344419,-124.376312,Taradash,both,laser,fourth,purple,76.53
2022-08-30,Cape Arago,43.344419,-124.376312,Taradash,both,laser,fourth,purple,34.70
2022-08-30,Cape Arago,43.344419,-124.376312,Taradash,both,laser,fourth,purple,48.03
2022-08-30,Cape Arago,43.344419,-124.376312,Taradash,both,laser,fourth,purple,46.09
2022-08-30,Cape Arago,43.344419,-124.376312,Taradash,both,laser,fourth,purple,59.58
2022-08-30,Cape Arago,43.344419,-124.376312,Taradash,both,laser,fourth,purple,49.03
2022-08-30,Cape Arago,43.344419,-124.376312,Taradash,both,laser,fourth,purple,48.71
2022-08-30,Cape Arago,43.344419,-124.376312,Taradash,both,laser,fourth,purple,59.82
2022-08-30,Cape Arago,43.344419,-124.376312,Taradash,both,laser,fourth,purple,56.29
2022-08-30,Cape Arago,43.344419,-124.376312,Taradash,both,laser,fourth,purple,60.60
2022-08-30,Cape Arago,43.344419,-124.376312,Taradash,both,laser,fourth,purple,71.37
2022-08-30,Cape Arago,43.344419,-124.376312,Taradash,both,laser,fourth,purple,54.92
2022-08-30,Cape Arago,43.344419,-124.376312,Taradash,both,laser,fourth,purple,37.29
2022-08-30,Cape Arago,43.344419,-124.376312,Taradash,both,laser,fourth,purple,44.11
2022-08-30,Cape Arago,43.344419,-124.376312,Taradash,both,laser,fourth,purple,52.54
2022-08-30,Cape Arago,43.344419,-124.376312,Taradash,both,laser,fourth,purple,72.97
2022-08-30,Cape Arago,43.344419,-124.376312,Taradash,both,laser,fourth,red,90.89
2022-08-30,Cape Arago,43.344419,-124.376312,Taradash,both,laser,fourth,red,114.86
